timestamp,yaw,pitch,filtered_yaw,filtered_pitch,velocity_x,velocity_y,dead_zone_triggered,zoom_factor
1867.131099,0.150855,0.029745,0.197281,0.036342,-1974.8159,90.8017,0,1.0394
1867.208513,0.138827,0.020754,0.190267,0.034471,-1872.2442,77.0474,0,1.0403
1867.329659,0.136701,0.014796,0.183839,0.032110,-1791.7827,61.2154,0,1.0338
1867.417280,0.116547,0.008632,0.175764,0.029293,-1680.3787,43.7116,0,1.0324
1867.527846,0.136266,0.021596,0.171024,0.028369,-1604.9092,37.5542,0,1.0382
1867.620345,0.173364,0.030299,0.171305,0.028601,-1604.3067,38.4562,0,1.0409
1867.722930,0.213301,0.034150,0.176344,0.029267,-1662.0341,41.6480,0,1.0464
1867.817975,0.240135,0.037310,0.183999,0.030232,-1778.6561,46.5817,0,1.0416
1867.929594,0.278873,0.042919,0.195384,0.031754,-1957.2442,57.3309,0,1.0333
1868.025066,0.299114,0.042757,0.207832,0.033075,-2138.4702,66.1931,0,1.0340
1868.125396,0.327810,0.051970,0.222229,0.035342,-2328.8530,81.8577,0,1.0303
1868.218124,0.355337,0.054989,0.238202,0.037700,-2337.8365,99.1487,0,1.0266
1868.312140,0.379552,0.062145,0.255164,0.040633,-2333.2051,120.9358,0,1.0286
1868.403870,0.390453,0.066863,0.271399,0.043781,-2339.3527,146.0011,0,1.0259
1868.497915,0.407530,0.066213,0.287735,0.046473,-2331.1113,167.4535,0,1.0296
1868.596498,0.422464,0.072973,0.303902,0.049653,-2327.5380,193.8114,0,1.0312
1868.708049,0.440514,0.072670,0.320295,0.052415,-2324.9272,217.5224,0,1.0324
1868.827862,0.455645,0.064152,0.336537,0.053823,-2319.7229,229.4737,0,1.0352
1868.918747,0.442031,0.083163,0.349197,0.057344,-2287.3786,256.9746,0,1.0499
1869.020785,0.438180,0.089929,0.359875,0.061254,-2269.6513,290.4791,0,1.0577
1869.126544,0.456773,0.093903,0.371502,0.065172,-2240.8428,322.8273,0,1.0714
1869.226909,0.465534,0.108271,0.382786,0.070344,-2228.2646,369.6084,0,1.0773
1869.302939,0.463212,0.100033,0.392437,0.073907,-2213.0164,401.3328,0,1.0848
1869.403007,0.467831,0.107654,0.401485,0.077956,-2205.4416,439.6167,0,1.0884
1869.516067,0.461102,0.111040,0.408639,0.081926,-2204.1550,479.0031,0,1.0889
1869.602644,0.446725,0.109360,0.413209,0.085218,-2203.7506,512.2721,0,1.0891
1869.721806,0.445433,0.114066,0.417076,0.088680,-2196.6915,546.1653,0,1.0928
1869.810428,0.451226,0.104961,0.421174,0.090634,-2198.7670,567.2472,0,1.0913
1869.925246,0.447305,0.107122,0.424310,0.092612,-2197.9094,587.6818,0,1.0920
1870.019441,0.432334,0.112346,0.425272,0.094980,-2184.3735,608.6086,0,1.0992
1870.108300,0.449987,0.115296,0.428238,0.097418,-2187.8086,635.8261,0,1.0967
1870.194713,0.437347,0.112953,0.429331,0.099282,-2189.6712,656.5889,0,1.0956
1870.309348,0.459186,0.113335,0.432914,0.100969,-2201.0077,678.4300,0,1.0898
1870.417191,0.478185,0.111690,0.438346,0.102255,-2208.0849,694.5825,0,1.0866
1870.503841,0.498954,0.118904,0.445619,0.104253,-2208.8072,716.4729,0,1.0865
1870.608346,0.490585,0.118147,0.451015,0.105920,-2210.6586,735.7780,0,1.0855
1870.711296,0.497407,0.121906,0.456582,0.107839,-2195.7559,751.5231,0,1.0938
1870.816390,0.493484,0.120499,0.461010,0.109358,-2189.5645,766.6488,0,1.0964
1870.901220,0.518826,0.121131,0.467948,0.110771,-2194.0874,785.5954,0,1.0918
1870.994508,0.520366,0.113590,0.474238,0.111109,-2212.5037,795.2369,0,1.0841
1871.106322,0.508318,0.090122,0.478328,0.108591,-2221.9696,780.4755,0,1.0799
1871.203620,0.433538,0.088790,0.472953,0.106215,-2178.9063,729.5308,0,1.1024
1871.309087,0.353190,0.075590,0.458582,0.102540,-2121.6455,671.1161,0,1.1317
1871.394566,0.293586,0.048018,0.438782,0.095997,-2133.0021,606.4838,0,1.1249
1871.505666,0.190770,0.034056,0.409021,0.088564,-2132.9237,530.3154,0,1.1252
1871.621611,0.143242,0.008136,0.377127,0.078913,-2168.1478,443.0268,0,1.1060
1871.721037,0.128939,-0.023002,0.347345,0.066683,-2281.8625,344.6544,0,1.0512
1871.812228,0.144283,-0.029412,0.322977,0.055152,-2363.8290,247.0072,0,1.0150
1871.928757,0.175233,-0.035856,0.305248,0.044231,-2461.0341,158.6097,0,0.9750
1872.010646,0.179097,-0.044532,0.290110,0.033579,-2551.4102,77.8084,0,0.9404
1872.106174,0.181625,-0.054902,0.277092,0.022961,-2636.5204,11.4670,0,0.9101
1872.196557,0.164144,-0.048708,0.263538,0.014361,-2720.4349,0.1166,0,0.8820
1872.307485,0.144923,-0.068201,0.249304,0.004454,-2783.5923,0.0016,0,0.8621
1872.406901,0.122149,-0.088058,0.234046,-0.006648,-2797.3675,0.0000,0,0.8579
1872.505640,0.115786,-0.091883,0.219854,-0.016876,-2792.7199,0.0000,0,0.8586
1872.600320,0.155404,-0.093638,0.212120,-0.026087,-2652.8179,-28.9769,0,0.8593
1872.709712,0.176028,-0.084172,0.207789,-0.033058,-2558.7985,-79.0600,0,0.8645
1872.823266,0.190973,-0.063226,0.205771,-0.036678,-2513.6199,-108.8717,0,0.8676
1872.902602,0.222501,-0.050039,0.207779,-0.038281,-2545.4940,-122.7458,0,0.8683
1873.006355,0.249538,-0.047460,0.212790,-0.039383,-2642.5731,-133.0323,0,0.8653
1873.106452,0.270465,-0.034640,0.219711,-0.038814,-2751.2249,-127.7494,0,0.8704
1873.202168,0.305833,-0.031643,0.230046,-0.037953,-2741.8389,-120.5042,0,0.8754
1873.299382,0.305259,-0.030000,0.239071,-0.036999,-2752.8381,-113.2765,0,0.8718
1873.394629,0.318702,-0.026791,0.248627,-0.035774,-2746.5511,-101.9436,0,0.8739
1873.507847,0.316622,-0.026805,0.256786,-0.034698,-2750.3016,-92.8138,0,0.8726
1873.604438,0.307384,-0.022519,0.262858,-0.033236,-2746.0162,-81.0202,0,0.8742
1873.709841,0.279052,-0.033064,0.264801,-0.033215,-2736.6042,-79.9628,0,0.8776
1873.796816,0.228872,-0.049462,0.260490,-0.035165,-2722.6637,-92.3423,0,0.8818
1873.929194,0.153232,-0.049045,0.247619,-0.036831,-2719.8634,-107.9333,0,0.8825
1874.013301,0.015484,-0.066093,0.219763,-0.040342,-2723.4892,-138.7376,0,0.8784
1874.097184,-0.062042,-0.081539,0.185946,-0.045286,-2146.2031,-184.6797,0,0.8779
1874.215285,-0.115050,-0.100054,0.149827,-0.051858,-1573.5169,-252.1805,0,0.8701
1874.307259,-0.133302,-0.104644,0.115851,-0.058192,-1065.4137,-320.7860,0,0.8664
1874.429068,-0.172129,-0.112231,0.081294,-0.064677,-601.1889,-397.1441,0,0.8587
1874.529132,-0.189674,-0.121886,0.048777,-0.071542,-227.8317,-483.6965,0,0.8491
1874.595838,-0.211634,-0.104497,0.017528,-0.075497,-0.4752,-534.5105,0,0.8462
1874.707050,-0.213683,-0.118643,-0.010217,-0.080674,-0.0010,-600.5892,0,0.8459
1874.817081,-0.243684,-0.110004,-0.038233,-0.084194,126.4208,-649.8236,0,0.8414
1874.905245,-0.263880,-0.120877,-0.065311,-0.088596,414.6759,-710.7425,0,0.8384
1874.999504,-0.256144,-0.102047,-0.088211,-0.090210,706.1666,-732.6690,0,0.8387
1875.114080,-0.253189,-0.110013,-0.108008,-0.092586,986.4283,-766.9353,0,0.8365
1875.205586,-0.232476,-0.105160,-0.122944,-0.094095,1204.0322,-784.2499,0,0.8403
1875.319146,-0.195371,-0.093216,-0.131636,-0.093990,1326.8637,-776.7457,0,0.8474
1875.419050,-0.170268,-0.088778,-0.136271,-0.093364,1397.4977,-767.8826,0,0.8483
1875.506094,-0.139026,-0.093600,-0.136602,-0.093393,1391.8709,-763.0095,0,0.8551
1875.605829,-0.103484,-0.087121,-0.132628,-0.092640,1325.9895,-749.5346,0,0.8587
1875.719666,-0.058905,-0.081193,-0.123781,-0.091266,1186.6919,-726.8339,0,0.8633
1875.812848,-0.012033,-0.073512,-0.110371,-0.089136,985.4196,-694.8746,0,0.8681
1875.931880,0.052969,-0.059668,-0.090770,-0.085600,714.4609,-646.5740,0,0.8713
1876.019935,0.098063,-0.037328,-0.068110,-0.079807,432.3745,-572.8915,0,0.8724
1876.124541,0.145548,-0.026187,-0.042471,-0.073373,160.5633,-492.5954,0,0.8749
1876.215468,0.173563,-0.013962,-0.016547,-0.066243,0.4397,-409.0015,0,0.8748
1876.329302,0.204314,-0.011787,0.009956,-0.059709,0.0016,-334.4184,0,0.8775
1876.423294,0.228109,-0.010760,0.036135,-0.053835,-102.9541,-271.0617,0,0.8795
1876.519784,0.258668,-0.004486,0.062839,-0.047913,-366.7113,-210.8260,0,0.8810
1876.600812,0.268202,0.003411,0.087482,-0.041754,-659.8277,-152.0055,0,0.8848
1876.731053,0.289340,0.013902,0.111705,-0.035075,-983.9692,-94.4413,0,0.8846
1876.824127,0.286296,0.007375,0.132656,-0.029981,-1284.2344,-55.3715,0,0.8857
1876.920659,0.277405,0.018655,0.150026,-0.024145,-1538.8580,-17.8639,0,0.8908
1877.018441,0.279172,0.023173,0.165523,-0.018467,-1792.6105,-0.2584,0,0.8853
1877.127816,0.252636,0.019806,0.175977,-0.013874,-1954.9310,-0.0056,0,0.8885
1877.225005,0.233050,0.022137,0.182826,-0.009553,-2068.9038,-0.0002,0,0.8878
1877.325159,0.229161,0.020354,0.188386,-0.005964,-2164.3500,-0.0000,0,0.8865
1877.420292,0.214939,0.014255,0.191572,-0.003538,-2225.5379,-0.0000,0,0.8834
1877.526505,0.210372,0.007474,0.193828,-0.002216,-2255.1227,-0.0000,0,0.8868
1877.624373,0.196894,0.013412,0.194196,-0.000341,-2253.3285,-0.0000,0,0.8900
1877.708032,0.181681,0.008934,0.192694,0.000772,-2234.7130,-0.0000,0,0.8876
1877.816423,0.168594,-0.004529,0.189802,0.000136,-2167.2833,-0.0000,0,0.8963
1877.931485,0.104107,0.012034,0.179519,0.001564,-2018.0436,-0.0000,0,0.8868
1878.024851,-0.063147,-0.002350,0.150399,0.001094,-1559.4605,-0.0000,0,0.8832
1878.122195,-0.193030,0.003102,0.109187,0.001335,-974.1169,-0.0000,0,0.8631
1878.206762,-0.283613,-0.000175,0.062051,0.001154,-369.8198,-0.0000,0,0.8565
1878.309939,-0.313562,0.001742,0.016978,0.001224,-0.4429,-0.0000,1,0.8445
1878.400333,-0.296080,-0.001743,-0.020589,0.000868,1.4434,-0.0000,0,0.8505
1878.498721,-0.310365,-0.002569,-0.055362,0.000456,299.3220,-0.0000,0,0.8414
1878.593558,-0.297963,-0.003470,-0.084474,-0.000015,651.2131,-0.0000,0,0.8452
1878.712580,-0.288253,-0.004535,-0.108928,-0.000558,983.9394,-0.0000,0,0.8500
1878.825883,-0.253019,0.009937,-0.126219,0.000702,1232.0783,-0.0000,0,0.8553
1878.902289,-0.197073,0.012077,-0.134721,0.002067,1339.9872,-0.0000,0,0.8694
1879.010365,-0.149883,0.018947,-0.136541,0.004092,1362.2406,-0.0000,0,0.8730
1879.119357,-0.085727,0.018914,-0.130443,0.005871,1254.2592,-0.0000,0,0.8851
1879.208059,-0.031844,0.021429,-0.118611,0.007738,1073.5723,-0.0000,0,0.8935
1879.298546,0.033489,0.025981,-0.100359,0.009927,815.6754,-0.0000,0,0.9006
1879.404049,0.046126,0.031589,-0.082781,0.012527,593.0647,-0.0000,0,0.8983
1879.530701,0.057763,0.036592,-0.065916,0.015414,395.5476,-0.0000,0,0.8970
1879.622476,0.059247,0.040275,-0.050896,0.018398,236.8866,-0.0000,0,0.8958
1879.714711,0.068457,0.051334,-0.036574,0.022350,105.8399,7.2132,0,0.8942
1879.815844,0.083436,0.054099,-0.022173,0.026160,7.8980,28.0908,0,0.8933
1879.930531,0.073750,0.066011,-0.010662,0.030942,0.0449,60.1855,0,0.8993
1880.002991,0.089071,0.076252,0.001306,0.036379,0.0006,101.5391,0,0.9040
1880.098936,0.106155,0.092382,0.013888,0.043100,0.0000,158.9820,0,0.9070
1880.195351,0.112260,0.121116,0.025693,0.052462,-25.3310,246.5943,0,0.9115
1880.330968,0.118080,0.133957,0.036779,0.062241,-103.8599,346.1933,0,0.9157
1880.420851,0.118407,0.145842,0.046574,0.072273,-188.4615,454.7408,0,0.9197
1880.511580,0.105565,0.161692,0.053653,0.083003,-256.3133,579.0873,0,0.9210
1880.607444,0.089806,0.159474,0.057992,0.092180,-300.6046,691.8882,0,0.9202
1880.723399,0.070725,0.150527,0.059520,0.099182,-318.3719,784.8286,0,0.9152
1880.802504,0.057366,0.145598,0.059261,0.104752,-315.7766,856.9044,0,0.9157
1880.900493,0.055270,0.142640,0.058782,0.109298,-311.2310,918.3193,0,0.9146
1881.016791,0.041967,0.139005,0.056764,0.112863,-296.4620,964.6587,0,0.9162
1881.130477,0.037084,0.135493,0.054403,0.115579,-266.5208,999.9580,0,0.9177
1881.224254,0.009645,0.128858,0.049032,0.117172,-212.7938,1016.8265,0,0.9221
1881.317867,-0.015359,0.127205,0.041305,0.118376,-143.2109,1038.5824,0,0.9173
1881.417176,-0.097349,0.139000,0.024666,0.120851,-20.7516,1079.1798,0,0.9116
1881.523637,-0.225321,0.146587,-0.005332,0.123939,-0.1907,1150.6199,0,0.8891
1881.605429,-0.344091,0.123862,-0.045983,0.123930,193.0355,1175.0030,0,0.8708
1881.703310,-0.441400,0.099586,-0.093433,0.121009,772.4308,1169.3878,0,0.8435
1881.806730,-0.482790,0.082333,-0.140156,0.116368,1486.2794,1118.8195,0,0.8322
1881.918672,-0.480929,0.065534,-0.181049,0.110268,2183.8990,1029.0591,0,0.8290
1882.021157,-0.449577,0.047933,-0.213272,0.102788,2756.1010,915.3571,0,0.8327
1882.121960,-0.421989,0.034130,-0.238318,0.094549,2857.6705,791.9994,0,0.8398
1882.203584,-0.465944,0.021257,-0.265633,0.085754,2899.8237,682.7057,0,0.8276
1882.322479,-0.634197,-0.011439,-0.309861,0.074090,2982.6508,544.8221,0,0.8046
1882.401353,-0.696258,-0.034950,-0.356229,0.061006,3057.3870,389.9822,0,0.7849
1882.513324,-0.701455,-0.033250,-0.397656,0.049695,3118.7103,261.4559,0,0.7695
1882.594409,-0.612640,-0.033112,-0.423454,0.039758,3046.1253,150.5780,0,0.7882
1882.706122,-0.554466,-0.044448,-0.439175,0.029653,2995.8768,58.4836,0,0.8022
1882.806568,-0.446894,-0.052050,-0.440102,0.019849,2913.7331,0.3368,0,0.8241
1882.914080,-0.308699,-0.077511,-0.424333,0.008166,2860.2726,0.0030,0,0.8393
1883.007299,-0.204238,-0.068283,-0.397922,-0.001008,2820.8468,0.0000,0,0.8510
1883.121234,-0.082187,-0.089136,-0.360034,-0.011584,2794.9166,0.0000,0,0.8588
1883.208445,0.056388,-0.100617,-0.310063,-0.022268,2778.3188,-7.9169,0,0.8639
1883.298588,0.170865,-0.113759,-0.252352,-0.033246,2767.4051,-80.0163,0,0.8673
1883.395116,0.230948,-0.121551,-0.194356,-0.043843,2339.8377,-175.0033,0,0.8586
1883.507807,0.283007,-0.121065,-0.137072,-0.053110,1392.0093,-268.3833,0,0.8601
1883.602121,0.349387,-0.108311,-0.078697,-0.059734,577.8612,-346.4961,0,0.8449
1883.698998,0.367208,-0.086829,-0.025188,-0.062985,25.2884,-386.2893,0,0.8401
1883.794683,0.365599,-0.079356,0.021706,-0.064950,-5.7437,-406.2174,0,0.8470
1883.918699,0.284151,-0.044522,0.053199,-0.062499,-270.7137,-374.1250,0,0.8575
1884.001268,0.141771,-0.022872,0.063828,-0.057743,-384.5342,-318.8966,0,0.8667
1884.109364,-0.045652,0.005121,0.050690,-0.050200,-242.5975,-237.5684,0,0.8677
1884.206077,-0.159491,0.017801,0.025469,-0.042040,-30.3823,-158.7232,0,0.8629
1884.327122,-0.150947,0.016070,0.004299,-0.035066,-0.5132,-96.1757,0,0.8689
1884.428696,-0.143583,0.027739,-0.013447,-0.027530,-0.0163,-39.0005,0,0.8772
1884.514053,-0.154988,0.030811,-0.030432,-0.020529,58.2195,-1.6743,0,0.8709
1884.620833,-0.111151,0.037620,-0.040118,-0.013551,137.9326,-0.0258,0,0.8739
1884.714658,-0.028808,0.031225,-0.038761,-0.008178,124.1095,-0.0007,0,0.8940
1884.811832,0.052718,0.037276,-0.027783,-0.002723,41.6372,-0.0000,0,0.9036
1884.905423,0.140977,0.038378,-0.007532,0.002209,0.8369,-0.0000,1,0.8967
1885.017336,0.232937,0.026908,0.021324,0.005173,-3.8064,-0.0000,0,0.8979
1885.130075,0.314431,0.022854,0.056497,0.007294,-296.4037,-0.0000,0,0.8835
1885.225310,0.394463,0.009082,0.097053,0.007509,-798.6690,-0.0000,0,0.8685
1885.302954,0.443530,0.005846,0.138630,0.007309,-1407.4644,-0.0000,0,0.8642
1885.421230,0.481362,0.000339,0.179758,0.006473,-2081.5289,-0.0000,0,0.8607
1885.531201,0.488348,-0.002225,0.216789,0.005429,-2727.4844,-0.0000,0,0.8614
1885.622407,0.508304,-0.006850,0.251771,0.003956,-2813.4203,-0.0000,0,0.8530
1885.707802,0.490529,-0.006047,0.280422,0.002755,-2793.1571,-0.0000,0,0.8593
1885.797451,0.493383,-0.002396,0.305977,0.002137,-2806.9802,-0.0000,0,0.8550
1885.922995,0.467376,0.001531,0.325345,0.002064,-2794.8881,-0.0000,0,0.8587
1886.018082,0.443600,0.008338,0.339536,0.002817,-2800.3710,-0.0000,0,0.8570
1886.122403,0.403143,0.007993,0.347168,0.003438,-2767.8802,-0.0000,0,0.8673
1886.221646,0.359990,0.003597,0.348707,0.003457,-2732.7533,-0.0000,0,0.8798
1886.308117,0.294626,0.012934,0.342217,0.004595,-2701.7670,-0.0000,0,0.8887
1886.423081,0.179948,0.014781,0.322745,0.005817,-2699.6757,-0.0000,0,0.8890
1886.528375,0.023606,0.005625,0.286848,0.005794,-2675.2009,-0.0000,0,0.8974
1886.612959,-0.116834,0.022117,0.238406,0.007753,-2762.6201,-0.0000,0,0.8681
1886.701591,-0.216204,0.015189,0.183853,0.008645,-2158.2597,-0.0000,0,0.8588
1886.809289,-0.289546,0.003340,0.127045,0.008009,-1249.7002,-0.0000,0,0.8528
1886.900109,-0.328964,-0.002959,0.072324,0.006692,-499.4351,-0.0000,0,0.8421
1887.004614,-0.358755,-0.012317,0.020595,0.004411,-1.9296,-0.0000,0,0.8437
1887.111833,-0.392087,-0.012142,-0.028927,0.002425,50.4792,-0.0000,0,0.8338
1887.225105,-0.397257,-0.018497,-0.073127,-0.000086,514.2470,-0.0000,0,0.8320
1887.322786,-0.404123,-0.013924,-0.112846,-0.001746,1070.6157,-0.0000,0,0.8262
1887.418718,-0.392792,-0.014336,-0.146440,-0.003257,1586.6557,-0.0000,0,0.8331
1887.505230,-0.375169,-0.017987,-0.173887,-0.005025,2037.4676,-0.0000,0,0.8376
1887.625380,-0.325037,-0.023652,-0.192025,-0.007260,2335.2911,-0.0000,0,0.8448
1887.721539,-0.280407,-0.019081,-0.202631,-0.008678,2492.4271,-0.0000,0,0.8556
1887.804589,-0.241221,-0.013622,-0.207262,-0.009272,2552.9727,-0.0000,0,0.8629
1887.901521,-0.189695,-0.016016,-0.205154,-0.010081,2496.1566,-0.0000,0,0.8698
1888.025174,-0.151725,-0.014580,-0.198742,-0.010621,2363.9379,-0.0000,0,0.8784
1888.126057,-0.116797,-0.020766,-0.188909,-0.011838,2190.6957,-0.0000,0,0.8802
1888.217486,-0.080876,-0.021267,-0.175945,-0.012970,1967.8579,-0.0000,0,0.8830
1888.312105,-0.061557,-0.028016,-0.162218,-0.014775,1739.6517,-0.0000,0,0.8860
1888.403662,-0.042889,-0.037871,-0.147899,-0.017547,1509.1633,-0.0000,0,0.8897
1888.498736,0.003685,-0.036379,-0.129709,-0.019807,1236.0237,-0.0000,0,0.8900
1888.605658,0.022499,-0.031357,-0.111444,-0.021193,982.5584,-2.7297,0,0.8836
1888.690286,0.077115,-0.034382,-0.088817,-0.022775,679.2645,-9.4931,0,0.8836
1888.823001,0.137214,-0.021651,-0.061693,-0.022640,355.6637,-9.7771,0,0.8801
1888.923950,0.190818,-0.017242,-0.031392,-0.021993,66.6076,-8.0261,0,0.8761
1889.015003,0.223316,-0.006846,-0.000827,-0.020175,0.1932,-1.4154,0,0.8786
1889.118180,0.248493,-0.011030,0.029092,-0.019078,-49.0012,-0.2190,0,0.8776
1889.226490,0.271138,-0.007861,0.058137,-0.017732,-317.0752,-0.0439,0,0.8760
1889.301619,0.286051,-0.007156,0.085487,-0.016463,-642.1149,-0.0140,0,0.8743
1889.416963,0.290157,-0.006974,0.110047,-0.015324,-977.7827,-0.0042,0,0.8693
1889.510080,0.290422,-0.007251,0.131692,-0.014355,-1291.9948,-0.0016,0,0.8706
1889.619076,0.309137,-0.007980,0.152986,-0.013590,-1627.9810,-0.0007,0,0.8670
1889.718870,0.314865,-0.004490,0.172411,-0.012498,-1936.9867,-0.0003,0,0.8701
1889.812778,0.310564,-0.003870,0.188989,-0.011463,-2220.0059,-0.0001,0,0.8682
1889.903399,0.282613,-0.012409,0.200224,-0.011576,-2402.7014,-0.0001,0,0.8723
1890.003527,0.221806,-0.030570,0.202814,-0.013855,-2435.3095,-0.0000,0,0.8768
1890.110361,0.180240,-0.032506,0.200105,-0.016093,-2379.9129,-0.0000,0,0.8801
1890.203506,0.127126,-0.047584,0.191348,-0.019872,-2228.6375,-0.0000,0,0.8841
1890.313237,0.102061,-0.041998,0.180633,-0.022527,-2040.3913,-8.2087,0,0.8851
1890.423593,0.079817,-0.039779,0.168535,-0.024598,-1849.9706,-19.3830,0,0.8816
1890.523178,0.071380,-0.046966,0.156877,-0.027282,-1654.2537,-35.6539,0,0.8865
1890.619345,0.081281,-0.049393,0.147805,-0.029935,-1511.3035,-53.8155,0,0.8875
1890.702354,0.062321,-0.060445,0.137547,-0.033596,-1364.2391,-81.6501,0,0.8820
1890.803023,0.035666,-0.065645,0.125321,-0.037442,-1182.5755,-113.3484,0,0.8821
1890.900382,-0.033109,-0.078074,0.106310,-0.042318,-916.8610,-156.9741,0,0.8786
1890.995408,-0.089609,-0.083665,0.082799,-0.047280,-615.6457,-207.0886,0,0.8657
1891.090465,-0.121736,-0.097439,0.058255,-0.053299,-322.9087,-268.0934,0,0.8672
1891.224547,-0.141377,-0.093278,0.034299,-0.058096,-90.7505,-322.0888,0,0.8607
1891.320073,-0.163573,-0.101879,0.010555,-0.063350,-0.2828,-384.4366,0,0.8528
1891.416685,-0.168200,-0.096897,-0.010896,-0.067376,-0.0014,-430.5942,0,0.8550
1891.513688,-0.175507,-0.096091,-0.030649,-0.070822,62.0146,-474.6568,0,0.8499
1891.624500,-0.160033,-0.094913,-0.046175,-0.073713,198.6055,-506.2037,0,0.8566
1891.697671,-0.143729,-0.092453,-0.057882,-0.075961,321.8897,-534.5667,0,0.8554
1891.812052,-0.134273,-0.086080,-0.067049,-0.077176,426.7499,-549.4778,0,0.8562
1891.890827,-0.119078,-0.083782,-0.073292,-0.077968,499.0982,-556.3818,0,0.8609
1892.006056,-0.096039,-0.083758,-0.076022,-0.078663,529.9774,-562.0263,0,0.8656
1892.111602,-0.084149,-0.082087,-0.076997,-0.079074,541.0918,-566.0940,0,0.8672
1892.196057,-0.068260,-0.077262,-0.075949,-0.078857,527.9244,-563.1320,0,0.8683
1892.290416,-0.045805,-0.069714,-0.072331,-0.077760,495.3006,-552.4787,0,0.8675
1892.402480,-0.033187,-0.062577,-0.067634,-0.075938,429.2087,-527.8404,0,0.8684
1892.499233,-0.001809,-0.050736,-0.059735,-0.072913,338.1671,-489.6693,0,0.8708
1892.598528,0.019575,-0.047787,-0.050218,-0.069898,236.4781,-452.5794,0,0.8726
1892.695653,0.027864,-0.040338,-0.040848,-0.066351,146.0586,-411.1040,0,0.8729
1892.802206,0.044587,-0.040937,-0.030596,-0.063301,60.4315,-373.5187,0,0.8792
1892.901141,0.041528,-0.034722,-0.021941,-0.059872,6.9791,-334.6063,0,0.8818
1893.003817,0.041013,-0.030385,-0.014387,-0.056333,0.0779,-295.2698,0,0.8857
1893.108602,0.065578,-0.018925,-0.004791,-0.051844,0.0014,-249.0827,0,0.8850
1893.225669,0.073608,-0.014059,0.004617,-0.047310,0.0000,-204.3584,0,0.8836
1893.321499,0.084486,-0.002922,0.014201,-0.041983,0.0000,-153.7619,0,0.8871
1893.414295,0.096316,0.013318,0.024055,-0.035347,-16.3083,-96.4327,0,0.8888
1893.509449,0.108348,0.030859,0.034170,-0.027402,-85.2320,-37.6409,0,0.8906
1893.625802,0.106856,0.044164,0.042892,-0.018815,-160.9963,-0.3672,0,0.8867
1893.726734,0.112330,0.048826,0.051225,-0.010698,-242.2064,-0.0066,0,0.8837
1893.809744,0.117802,0.051220,0.059214,-0.003268,-324.7376,-0.0002,0,0.8869
1893.909945,0.130966,0.056463,0.067824,0.003900,-419.1515,-0.0000,0,0.8901
1894.005100,0.124579,0.055954,0.074635,0.010147,-496.1579,-0.0000,0,0.8944
1894.109722,0.128848,0.053868,0.081140,0.015393,-575.6446,-0.0000,0,0.8924
1894.204316,0.106785,0.055422,0.084218,0.020197,-609.1502,0.2807,0,0.8993
1894.303020,0.063369,0.041418,0.081716,0.022743,-583.6253,9.3690,0,0.8925
1894.409044,0.008961,0.031172,0.072985,0.023755,-478.2650,14.7800,0,0.8967
1894.504835,-0.025926,0.028677,0.061116,0.024345,-340.1092,17.9080,0,0.9055
1894.597847,-0.048985,0.031219,0.047904,0.025170,-207.0249,22.5408,0,0.8992
1894.694199,-0.085795,0.026825,0.031860,0.025369,-68.9947,24.1524,0,0.8924
1894.805104,-0.088937,0.021963,0.017364,0.024960,-0.3500,22.4626,0,0.8888
1894.901257,-0.095752,0.021166,0.003791,0.024505,-0.0033,20.7194,0,0.8903
1894.992638,-0.089831,0.015683,-0.007444,0.023446,-0.0001,14.7378,0,0.8898
1895.106348,-0.081520,0.013830,-0.016333,0.022292,-0.0000,8.6511,0,0.8936
1895.221830,-0.059886,0.020691,-0.021560,0.022100,4.7027,7.3077,0,0.8997
1895.313099,-0.019914,0.014744,-0.021362,0.021217,4.0888,3.9896,0,0.9033
1895.419480,0.008899,0.024393,-0.017731,0.021598,0.4304,4.7720,0,0.9088
1895.515590,0.057222,0.023092,-0.008736,0.021778,0.0739,5.3968,0,0.9085
1895.625532,0.084926,0.025042,0.002503,0.022169,0.0160,6.6525,0,0.9064
1895.724186,0.086364,0.023304,0.012566,0.022305,0.0048,7.5841,0,0.9060
1895.818935,0.086238,0.024332,0.021407,0.022549,-3.1910,8.7645,0,0.8987
1895.899194,0.093490,0.022456,0.030057,0.022538,-53.2104,8.9996,0,0.9003
1896.003477,0.097361,0.020140,0.038133,0.022250,-117.0047,8.3686,0,0.8986
1896.106521,0.089309,0.022591,0.044274,0.022291,-172.0372,8.1804,0,0.8961
1896.214257,0.093367,0.016428,0.050166,0.021587,-229.3340,5.6943,0,0.8926
1896.315433,0.093498,0.022419,0.055365,0.021687,-280.9388,5.4683,0,0.8966
1896.425205,0.093295,0.022196,0.059917,0.021748,-330.1403,5.5938,0,0.8934
1896.522598,0.092100,0.017417,0.063779,0.021228,-371.5689,4.0910,0,0.8952
1896.619264,0.097690,0.013850,0.067848,0.020343,-416.3407,1.2931,0,0.8968
1896.707883,0.096200,0.014579,0.071250,0.019651,-454.1775,0.2664,0,0.8990
1896.828822,0.101937,0.016104,0.074933,0.019226,-498.6534,0.0567,0,0.8963
1896.917730,0.096073,0.017840,0.077470,0.019059,-528.0766,0.0184,0,0.8976
1897.011944,0.103967,0.018317,0.080649,0.018970,-567.7735,0.0067,0,0.8953
1897.117659,0.107161,0.021611,0.083831,0.019287,-605.2731,0.0026,0,0.8977
1897.219903,0.098084,0.015862,0.085541,0.018876,-626.3964,0.0011,0,0.8980
1897.320406,0.099276,0.018772,0.087189,0.018864,-647.1220,0.0005,0,0.8977
1897.416070,0.096846,0.018940,0.088348,0.018873,-661.8462,0.0003,0,0.8975
1897.511657,0.094703,0.018178,0.089111,0.018789,-671.8193,0.0001,0,0.8971
1897.621807,0.099055,0.018253,0.090304,0.018725,-687.4098,0.0001,0,0.8963
1897.718206,0.102094,0.017160,0.091719,0.018537,-703.2152,0.0000,0,0.8991
1897.794175,0.096701,0.015146,0.092317,0.018130,-712.5235,0.0000,0,0.8971
1897.898395,0.104606,0.014456,0.093791,0.017689,-729.5924,0.0000,0,0.8993
1898.012983,0.105772,0.018329,0.095229,0.017766,-744.8468,0.0000,0,0.9033
1898.105800,0.100337,0.016349,0.095842,0.017596,-753.9831,0.0000,0,0.9019
1898.199534,0.106689,0.016628,0.097144,0.017480,-770.3716,0.0000,0,0.9023
1898.311118,0.108648,0.023035,0.098524,0.018147,-787.8073,0.0000,0,0.9030
1898.418981,0.103970,0.020426,0.099178,0.018420,-798.1898,0.0000,0,0.9010
1898.517204,0.109930,0.018801,0.100468,0.018466,-813.2054,0.0000,0,0.9030
1898.619615,0.102571,0.018117,0.100720,0.018424,-820.5027,0.0000,0,0.8989
1898.690573,0.101966,0.019748,0.100870,0.018583,-822.7650,0.0000,0,0.8987
1898.807638,0.098114,0.017589,0.100539,0.018464,-820.8876,0.0000,0,0.8964
1898.903080,0.103478,0.017975,0.100892,0.018405,-823.5849,0.0000,0,0.8980
1898.995736,0.101520,0.018995,0.100967,0.018476,-826.4044,0.0000,0,0.8960
1899.102673,0.099786,0.020087,0.100825,0.018669,-825.5208,0.0000,0,0.8955
1899.206100,0.096673,0.019477,0.100327,0.018766,-819.9736,0.0000,0,0.8957
1899.303193,0.102718,0.015003,0.100614,0.018314,-821.8882,0.0000,0,0.8948
1899.395705,0.095305,0.016731,0.099977,0.018125,-816.1388,0.0000,0,0.8944
1899.492229,0.096173,0.015717,0.099521,0.017836,-808.3631,0.0000,0,0.8960
1899.603663,0.099116,0.015268,0.099472,0.017527,-808.8500,0.0000,0,0.8938
1899.700935,0.102032,0.017298,0.099779,0.017500,-809.6874,0.0000,0,0.8972
1899.818834,0.097414,0.020182,0.099495,0.017822,-806.6645,0.0000,0,0.8972
1899.900910,0.093187,0.015227,0.098738,0.017510,-799.4316,0.0000,0,0.8946
1900.015738,0.099711,0.021543,0.098855,0.017994,-797.8759,0.0000,0,0.8973
1900.106172,0.095861,0.014788,0.098496,0.017610,-797.6984,0.0000,0,0.8920
1900.194226,0.095858,0.016963,0.098179,0.017532,-790.6050,0.0000,0,0.8962
1900.292691,0.105083,0.016172,0.099008,0.017369,-796.5026,0.0000,0,0.8975
1900.417590,0.099684,0.020217,0.099089,0.017711,-802.4874,0.0000,0,0.8944
1900.500987,0.104005,0.019529,0.099679,0.017929,-809.9501,0.0000,0,0.8948
1900.607366,0.104568,0.019673,0.100265,0.018138,-817.1157,0.0000,0,0.8957
1900.711513,0.108316,0.015851,0.101231,0.017864,-828.0921,0.0000,0,0.8976
1900.828222,0.103653,0.019761,0.101522,0.018091,-834.3135,0.0000,0,0.8954
1900.908631,0.105081,0.016936,0.101949,0.017953,-841.3081,0.0000,0,0.8938
1901.016217,0.111557,0.016318,0.103102,0.017756,-853.2249,0.0000,0,0.8974
1901.090963,0.108450,0.020186,0.103744,0.018048,-864.3787,0.0000,0,0.8947
1901.212562,0.107781,0.014735,0.104228,0.017650,-871.1591,0.0000,0,0.8948
1901.312779,0.102044,0.014085,0.103966,0.017223,-867.3574,0.0000,0,0.8959
1901.416890,0.105749,0.014186,0.104180,0.016858,-869.0540,0.0000,0,0.8964
1901.511881,0.102645,0.017757,0.103996,0.016966,-868.1946,0.0000,0,0.8952
1901.623956,0.103664,0.012788,0.103956,0.016465,-867.2225,0.0000,0,0.8960
1901.718630,0.096499,0.014399,0.103061,0.016217,-858.8175,0.0000,0,0.8928
1901.811725,0.097872,0.015510,0.102439,0.016132,-849.1988,0.0000,0,0.8938
1901.914267,0.100621,0.010819,0.102221,0.015494,-847.6546,0.0000,0,0.8917
1902.006173,0.094239,0.017888,0.101263,0.015782,-832.4149,0.0000,0,0.8951
1902.117879,0.101016,0.011767,0.101233,0.015300,-832.9503,0.0000,0,0.8931
1902.216273,0.103252,0.015755,0.101475,0.015355,-832.2230,0.0000,0,0.8975
1902.311006,0.090500,0.015240,0.100158,0.015341,-816.9844,0.0000,0,0.8960
1902.428294,0.095737,0.014470,0.099628,0.015236,-810.2445,0.0000,0,0.8950
1902.519390,0.105575,0.014351,0.100341,0.015130,-816.5109,0.0000,0,0.8962
1902.594838,0.102750,0.018144,0.100631,0.015492,-820.4271,0.0000,0,0.8963
1902.704093,0.108508,0.015417,0.101576,0.015483,-834.3532,0.0000,0,0.8954
1902.805414,0.101360,0.018257,0.101550,0.015816,-838.0389,0.0000,0,0.8918
1902.922292,0.105178,0.015758,0.101985,0.015809,-846.4815,0.0000,0,0.8888
1903.017736,0.105830,0.020911,0.102447,0.016421,-851.9451,0.0000,0,0.8897
1903.094341,0.103864,0.019086,0.102617,0.016741,-852.5204,0.0000,0,0.8919
1903.199175,0.102718,0.022776,0.102629,0.017465,-852.2155,0.0000,0,0.8925
1903.303368,0.104607,0.017961,0.102866,0.017525,-856.6795,0.0000,0,0.8905
1903.408928,0.118190,0.012894,0.104705,0.016969,-879.4683,0.0000,0,0.8922
1903.503413,0.116068,0.018644,0.106069,0.017170,-896.4373,0.0000,0,0.8940
1903.611209,0.114183,0.014204,0.107042,0.016814,-904.9444,0.0000,0,0.8989
1903.712690,0.120117,0.021212,0.108611,0.017342,-921.2953,0.0000,0,0.9035
1903.812190,0.108969,0.028122,0.108654,0.018635,-913.2565,0.0000,0,0.9134
1903.891462,0.116187,0.028176,0.109558,0.019780,-909.8422,0.0000,0,0.9295
1904.016973,0.122151,0.043923,0.111069,0.022677,-927.4815,8.5218,0,0.9296
1904.102709,0.143882,0.054988,0.115007,0.026555,-969.3290,28.8803,0,0.9397
1904.191951,0.163565,0.053833,0.120834,0.029828,-1028.3258,49.0750,0,0.9573
1904.311972,0.164866,0.066723,0.126118,0.034255,-1080.9650,78.8075,0,0.9736
1904.424328,0.188683,0.069573,0.133625,0.038494,-1169.7779,109.7514,0,0.9831
1904.518661,0.210083,0.070368,0.142800,0.042318,-1274.2466,138.1583,0,0.9984
1904.620411,0.228483,0.073578,0.153082,0.046070,-1381.0940,165.2424,0,1.0228
1904.712990,0.233522,0.077356,0.162735,0.049824,-1483.8166,193.1074,0,1.0428
1904.822729,0.246323,0.078992,0.172766,0.053324,-1594.5258,219.6131,0,1.0601
1904.909950,0.258716,0.086717,0.183080,0.057331,-1722.0470,252.4335,0,1.0685
1905.012208,0.279926,0.089099,0.194701,0.061143,-1873.4945,285.1315,0,1.0741
1905.107817,0.278741,0.086130,0.204786,0.064142,-1979.1167,306.9569,0,1.0939
1905.223292,0.288744,0.088560,0.214861,0.067072,-2101.8784,330.7923,0,1.1036
1905.318189,0.270723,0.096147,0.221564,0.070561,-2146.6666,358.2762,0,1.1179
1905.404392,0.270357,0.104950,0.227419,0.074688,-2114.5326,390.6550,0,1.1352
1905.495377,0.258795,0.087667,0.231185,0.076245,-2059.3349,393.5258,0,1.1705
1905.614179,0.253333,0.088114,0.233842,0.077669,-2027.3070,401.5408,0,1.1846
1905.709681,0.222886,0.080456,0.232528,0.078004,-2011.2140,401.7129,0,1.1937
1905.806497,0.200500,0.072913,0.228684,0.077393,-1987.8077,393.4967,0,1.2078
1905.903267,0.163925,0.074067,0.220913,0.076994,-2006.4541,392.9048,0,1.1937
1906.010095,0.179861,0.072193,0.215987,0.076418,-1999.0725,394.9144,0,1.1698
1906.100530,0.189895,0.077803,0.212856,0.076584,-1953.3300,395.7131,0,1.1727
1906.199659,0.189990,0.077974,0.210112,0.076751,-1880.6506,391.2165,0,1.1953
1906.294893,0.247983,0.172186,0.214656,0.088203,-1931.0514,493.5567,0,1.1959
1962.686536,0.254622,0.028756,0.219452,0.081069,-1937.0833,415.4644,0,1.2346
1962.793580,0.182160,0.065254,0.214977,0.079172,-1873.4037,397.9459,0,1.2403
1962.891805,0.161438,0.075478,0.208552,0.078728,-1807.2281,396.1787,0,1.2306
1962.982099,0.127317,0.135207,0.198804,0.085506,-1723.2535,464.7249,0,1.2045
1963.092527,0.070914,0.136092,0.183457,0.091576,-1550.4048,528.2014,0,1.1915
1963.183909,0.031344,0.131245,0.165204,0.096336,-1350.7697,583.7880,0,1.1725
1963.297911,0.040680,0.134761,0.150261,0.100947,-1188.2703,638.5930,0,1.1572
1963.399347,0.054812,0.131111,0.138807,0.104567,-1080.0237,692.5180,0,1.1296
1963.485696,0.059276,0.098259,0.129263,0.103810,-980.6683,693.4585,0,1.1158
1963.564612,0.084331,0.083430,0.123871,0.101364,-917.2093,668.1272,0,1.1169
1963.679807,0.112108,0.062872,0.122460,0.096745,-904.6786,622.3301,0,1.1121
1963.776665,0.153867,0.067151,0.126229,0.093194,-947.2409,584.4072,0,1.1120
1963.872186,0.224534,0.077027,0.138025,0.091254,-1081.7710,562.1775,0,1.1156
1963.968099,0.263819,0.079646,0.153121,0.089861,-1262.8924,546.3894,0,1.1186
1964.074222,0.270088,0.068330,0.167157,0.087277,-1437.3388,519.7872,0,1.1200
1964.182172,0.255343,0.083878,0.177739,0.086869,-1563.1300,511.9901,0,1.1273
1964.287199,0.263449,0.106264,0.188024,0.089197,-1708.0603,526.8526,0,1.1200
1964.389587,0.225439,0.095703,0.192514,0.089977,-1753.0659,540.7233,0,1.1295
1964.503719,0.219885,0.102402,0.195799,0.091468,-1785.8935,552.9418,0,1.1363
1964.588224,0.201868,0.104873,0.196527,0.093077,-1784.6661,565.6276,0,1.1433
1964.683972,0.188614,0.104827,0.195577,0.094487,-1764.6839,577.3958,0,1.1486
1964.774364,0.201327,0.113147,0.196267,0.096726,-1770.3999,599.0217,0,1.1502
1964.892724,0.205024,0.108269,0.197318,0.098111,-1785.4058,613.9711,0,1.1492
1964.980936,0.243401,0.108033,0.202848,0.099302,-1863.4812,628.1029,0,1.1455
1965.070769,0.242493,0.106766,0.207605,0.100198,-1926.4998,637.2617,0,1.1459
1965.191114,0.232685,0.105453,0.210615,0.100828,-1962.7544,642.5110,0,1.1485
1965.299100,0.229287,0.105752,0.212856,0.101419,-2001.0180,651.1195,0,1.1437
1965.385145,0.227921,0.105454,0.214664,0.101903,-2026.5025,656.5479,0,1.1432
1965.495312,0.224156,0.104417,0.215803,0.102205,-2044.5459,660.6008,0,1.1418
1965.573650,0.216417,0.101956,0.215876,0.102175,-2044.1627,660.0917,0,1.1427
1965.701864,0.206526,0.089991,0.214754,0.100713,-2037.4080,649.1047,0,1.1381
1965.797521,0.214164,0.090705,0.214683,0.099512,-2047.2969,639.4479,0,1.1316
1965.889737,0.217332,0.086803,0.215001,0.097987,-2046.3200,621.7522,0,1.1349
1965.971055,0.228678,0.090879,0.216642,0.097134,-2065.3363,611.8945,0,1.1362
1966.082062,0.227587,0.084029,0.217956,0.095561,-2078.1461,594.2091,0,1.1393
1966.175564,0.246190,0.092173,0.221344,0.095155,-2104.3067,589.2649,0,1.1401
1966.274926,0.237364,0.085719,0.223266,0.094023,-2112.4200,580.0624,0,1.1360
1966.393213,0.202133,0.081122,0.220730,0.092475,-2112.2222,564.3421,0,1.1362
1966.502310,0.195825,0.080913,0.217742,0.091087,-2097.8666,553.7646,0,1.1290
1966.575769,0.191936,0.080364,0.214645,0.089800,-2046.3245,539.1262,0,1.1330
1966.698698,0.199022,0.081160,0.212770,0.088764,-2018.0062,527.9595,0,1.1340
1966.791213,0.201694,0.090167,0.211441,0.088932,-1980.1075,524.1767,0,1.1455
1966.903688,0.221593,0.095684,0.212659,0.089742,-1980.0431,527.4411,0,1.1546
1966.990412,0.234174,0.092826,0.215241,0.090112,-1998.1504,527.8665,0,1.1622
1967.090736,0.244182,0.100919,0.218714,0.091409,-2048.9348,539.8314,0,1.1608
1967.166958,0.256281,0.093326,0.223222,0.091639,-2068.2837,543.4208,0,1.1600
1967.300721,0.261921,0.102182,0.227866,0.092904,-2070.3791,556.1948,0,1.1592
1967.413247,0.256422,0.099608,0.231293,0.093709,-2076.7436,566.1244,0,1.1555
1967.491823,0.251176,0.100089,0.233679,0.094474,-2076.4637,573.6268,0,1.1558
1967.566943,0.257489,0.098040,0.236536,0.094902,-2089.9922,581.9156,0,1.1478
1967.696684,0.257041,0.097448,0.238997,0.095208,-2081.8007,582.6766,0,1.1535
1967.797308,0.258348,0.102983,0.241319,0.096141,-2066.0458,587.1533,0,1.1625
1967.895121,0.254516,0.097021,0.242902,0.096246,-2066.9146,589.1001,0,1.1611
1967.999190,0.251616,0.096901,0.243948,0.096325,-2071.3371,591.5574,0,1.1576
1968.097351,0.234922,0.091646,0.242865,0.095764,-2082.6452,589.7375,0,1.1518
1968.196282,0.213080,0.095195,0.239291,0.095695,-2074.0505,586.2099,0,1.1587
1968.293215,0.206264,0.098290,0.235328,0.096007,-2062.1424,585.4860,0,1.1644
1968.388311,0.202434,0.098907,0.231380,0.096355,-2060.8098,587.5234,0,1.1647
1968.504177,0.203790,0.097955,0.228069,0.096547,-2056.6288,588.8280,0,1.1672
1968.585761,0.215761,0.097362,0.226592,0.096645,-2057.1582,590.0693,0,1.1666
1968.677257,0.242391,0.088946,0.228488,0.095721,-2071.0686,586.8934,0,1.1580
1968.792758,0.248744,0.088198,0.230919,0.094818,-2074.3952,578.0386,0,1.1568
1968.902731,0.254404,0.089050,0.233737,0.094126,-2085.2879,573.7653,0,1.1505
1968.984615,0.242617,0.082770,0.234803,0.092763,-2079.4897,558.0542,0,1.1559
1969.096117,0.247598,0.082237,0.236338,0.091500,-2078.8154,545.5602,0,1.1548
1969.182201,0.247861,0.083932,0.237721,0.090592,-2078.8362,536.6891,0,1.1545
1969.292931,0.242932,0.076997,0.238346,0.088960,-2079.6599,521.0367,0,1.1538
1969.386044,0.230253,0.079555,0.237375,0.087832,-2095.7802,513.9047,0,1.1445
1969.498522,0.200875,0.081811,0.232995,0.087109,-2097.8692,507.0424,0,1.1439
1969.580420,0.169346,0.078488,0.225357,0.086075,-2082.7622,493.1448,0,1.1536
1969.706533,0.146056,0.078898,0.215841,0.085213,-2022.8499,483.8292,0,1.1551
1969.795410,0.120345,0.070540,0.204382,0.083453,-1868.0326,466.6524,0,1.1566
1969.892768,0.101585,0.061770,0.192046,0.080851,-1696.4697,439.2836,0,1.1638
1969.988911,0.091652,0.056257,0.179999,0.077900,-1536.7724,409.9378,0,1.1690
1970.096630,0.088380,0.057472,0.169004,0.075448,-1388.8224,384.0723,0,1.1791
1970.193112,0.096574,0.061833,0.160313,0.073814,-1280.7742,368.2838,0,1.1825
1970.286372,0.101082,0.064184,0.153205,0.072659,-1194.3803,357.1860,0,1.1851
1970.396246,0.118370,0.064035,0.149025,0.071624,-1145.6800,348.0406,0,1.1852
1970.502550,0.129543,0.064372,0.146687,0.070754,-1115.0520,339.3520,0,1.1891
1970.592591,0.133320,0.063936,0.145083,0.069935,-1089.8541,330.2757,0,1.1967
1970.680882,0.129846,0.067644,0.143255,0.069661,-1064.0883,326.1431,0,1.2025
1970.786645,0.150065,0.068691,0.144072,0.069544,-1071.4811,324.6193,0,1.2039
1970.905845,0.163431,0.072077,0.146395,0.069848,-1098.0446,328.2464,0,1.1973
1970.978566,0.162234,0.066576,0.148296,0.069455,-1129.5917,327.4599,0,1.1912
1971.091535,0.165078,0.060244,0.150310,0.068350,-1156.0922,319.1827,0,1.1888
1971.184413,0.180529,0.065325,0.153936,0.067987,-1200.9870,316.4314,0,1.1857
1971.294046,0.194020,0.060840,0.158746,0.067129,-1258.6628,309.6210,0,1.1847
1971.393179,0.197367,0.058326,0.163381,0.066073,-1314.6265,300.9146,0,1.1838
1971.488978,0.198092,0.059333,0.167546,0.065264,-1368.9762,294.8463,0,1.1800
1971.595726,0.200086,0.062320,0.171451,0.064911,-1419.1488,292.2054,0,1.1777
1971.690832,0.175723,0.066806,0.171963,0.065138,-1428.3353,294.0634,0,1.1756
1971.777104,0.136192,0.067355,0.167671,0.065404,-1391.8303,297.4458,0,1.1653
1971.873306,0.067280,0.055671,0.155624,0.064236,-1241.0953,289.7321,0,1.1685
1971.974847,-0.031444,0.056426,0.133176,0.063299,-975.4769,279.8954,0,1.1749
1972.083353,-0.125267,0.012770,0.102163,0.057235,-661.5446,236.8985,0,1.1426
1972.176278,-0.149081,-0.028853,0.072014,0.046905,-366.1812,155.9504,0,1.1401
1972.278148,-0.133720,-0.040474,0.047325,0.036419,-161.1873,83.4602,0,1.1229
1972.368446,-0.124886,-0.062962,0.026660,0.024494,-26.2116,16.0816,0,1.1155
1972.479206,-0.114556,-0.052235,0.009714,0.015286,-0.0981,0.1755,1,1.0924
1972.585917,-0.119101,-0.062143,-0.005744,0.005995,-0.0006,0.0033,1,1.0851
1972.679134,-0.118616,-0.046978,-0.019288,-0.000362,-0.0000,0.0001,1,1.0783
1972.775061,-0.137065,-0.061989,-0.033422,-0.007757,65.3985,0.0000,0,1.0844
1972.882692,-0.194130,-0.058711,-0.052707,-0.013872,213.2740,0.0000,0,1.0649
1972.992807,-0.221186,-0.069142,-0.072924,-0.020504,402.5792,-0.8569,0,1.0568
1973.088063,-0.230533,-0.069597,-0.091837,-0.026395,600.4209,-24.8262,0,1.0548
1973.174686,-0.195262,-0.058771,-0.104248,-0.030280,736.0296,-46.9952,0,1.0590
1973.278863,-0.125991,-0.040074,-0.106857,-0.031456,770.4990,-54.9939,0,1.0531
1973.374765,-0.100484,-0.046113,-0.106092,-0.033214,757.6186,-65.7389,0,1.0591
1973.499067,-0.104935,-0.059525,-0.105954,-0.036372,761.2868,-87.4724,0,1.0516
1973.571558,-0.107941,-0.056702,-0.106192,-0.038811,771.5278,-105.8554,0,1.0411
1973.681781,-0.090081,-0.057692,-0.104259,-0.041077,747.9139,-122.6284,0,1.0449
1973.783143,-0.098670,-0.050655,-0.103588,-0.042226,740.2852,-131.2861,0,1.0472
1973.881513,-0.098901,-0.045068,-0.103026,-0.042567,733.6384,-134.3544,0,1.0449
1973.978613,-0.107167,-0.046019,-0.103523,-0.042982,736.6050,-137.5948,0,1.0444
1974.101649,-0.112391,0.004487,-0.104587,-0.037285,750.3961,-96.7990,0,1.0435
1981.476118,0.196497,0.054234,-0.068457,-0.026303,323.0159,-23.0328,0,1.1784
1981.569026,0.173405,0.058767,-0.039433,-0.016095,100.4995,-1.1983,0,1.1689
1981.659702,0.149987,0.045213,-0.016703,-0.008738,0.5856,-0.0888,1,1.1693
1981.761769,0.132848,0.050982,0.001243,-0.001571,0.0050,-0.0089,1,1.1635
1981.874367,0.123773,0.059103,0.015947,0.005710,0.0001,-0.0012,1,1.1673
1981.968359,0.122125,0.071132,0.028688,0.013560,-34.1435,-0.0003,0,1.1735
1982.068981,0.125148,0.068179,0.040263,0.020114,-103.8268,0.0921,0,1.1700
1982.164576,0.128467,0.059634,0.050848,0.024857,-180.1140,15.2114,0,1.1686
1982.278733,0.168342,0.067861,0.064947,0.030017,-291.8366,40.6667,0,1.1783
1982.356156,0.211300,0.082321,0.082509,0.036294,-444.2201,76.4451,0,1.1889
1982.465410,0.235711,0.074423,0.100894,0.040869,-620.2567,106.0024,0,1.1916
1982.565159,0.249786,0.076436,0.118761,0.045137,-801.9282,134.7759,0,1.1950
1982.676118,0.266735,0.079271,0.136518,0.049233,-996.1533,164.4436,0,1.1929
1982.770281,0.277738,0.079016,0.153464,0.052807,-1196.4864,192.3731,0,1.1850
1982.861062,0.293849,0.081176,0.170310,0.056211,-1396.8972,218.8665,0,1.1847
1982.961997,0.314766,0.083106,0.187645,0.059439,-1607.3177,244.2631,0,1.1867
1983.077685,0.318206,0.079554,0.203312,0.061853,-1801.7906,263.4814,0,1.1891
1983.169690,0.330164,0.089361,0.218534,0.065154,-1978.5731,287.7420,0,1.2011
1983.258899,0.341373,0.088314,0.233275,0.067933,-1974.1940,307.3595,0,1.2157
1983.369615,0.354642,0.094066,0.247839,0.071069,-1960.5594,331.4679,0,1.2242
1983.466728,0.358495,0.092490,0.261118,0.073639,-1965.1355,354.1743,0,1.2213
1983.571956,0.331839,0.101925,0.269604,0.077034,-1951.6506,380.8933,0,1.2299
1983.650929,0.282946,0.111696,0.271205,0.081193,-1949.8499,416.8993,0,1.2309
1983.743862,0.251878,0.103837,0.268886,0.083910,-1943.2127,439.8434,0,1.2355
1983.848620,0.250575,0.111001,0.266689,0.087161,-1948.1337,470.5570,0,1.2317
1983.952491,0.247830,0.114122,0.264426,0.090396,-1957.6015,502.7360,0,1.2256
1984.047429,0.244336,0.114370,0.262015,0.093273,-1959.7727,530.1421,0,1.2245
1984.150681,0.244647,0.106280,0.259931,0.094834,-1965.2474,546.6381,0,1.2209
1984.254456,0.244592,0.110400,0.258090,0.096702,-1965.8733,564.4519,0,1.2208
1984.352463,0.244513,0.105241,0.256461,0.097727,-1966.4410,574.5575,0,1.2204
1984.451714,0.242091,0.106682,0.254736,0.098801,-1966.1769,584.7308,0,1.2207
1984.546557,0.251145,0.108519,0.254306,0.099967,-1970.7641,597.5266,0,1.2173
1984.656634,0.243505,0.108140,0.253009,0.100948,-1970.7616,606.9684,0,1.2178
1984.751634,0.236119,0.098455,0.250983,0.100649,-1981.1144,607.8220,0,1.2109
1984.846140,0.230204,0.097200,0.248489,0.100235,-1978.4985,603.3028,0,1.2134
1984.945032,0.216937,0.099355,0.244703,0.100129,-1979.9359,602.4739,0,1.2120
1985.047890,0.198792,0.095097,0.239194,0.099526,-1984.3108,598.9948,0,1.2091
1985.153521,0.171115,0.095661,0.231024,0.099062,-1963.2352,587.2986,0,1.2234
1985.246139,0.168262,0.094370,0.223493,0.098499,-1968.4386,583.6759,0,1.2183
1985.342863,0.172893,0.098654,0.217421,0.098517,-1944.7390,585.1830,0,1.2142
1985.462214,0.182596,0.100929,0.213242,0.098807,-1894.3206,587.5288,0,1.2121
1985.549237,0.207046,0.106955,0.212498,0.099785,-1882.1516,596.9184,0,1.2135
1985.648339,0.235419,0.105769,0.215249,0.100503,-1904.0959,604.4103,0,1.2137
1985.746465,0.240938,0.109609,0.218331,0.101596,-1951.3239,614.0162,0,1.2158
1985.852660,0.244666,0.109655,0.221492,0.102563,-1977.8968,624.9772,0,1.2130
1985.953541,0.248506,0.108382,0.224733,0.103261,-1980.8694,632.8003,0,1.2115
1986.068532,0.246516,0.110582,0.227347,0.104139,-1978.7052,640.7384,0,1.2130
1986.157690,0.249326,0.108747,0.229985,0.104692,-1981.9186,647.3707,0,1.2108
1986.254589,0.245201,0.109188,0.231811,0.105232,-1978.2167,651.3348,0,1.2137
1986.362773,0.241729,0.106164,0.233001,0.105344,-1978.7927,653.0745,0,1.2128
1986.449003,0.242233,0.106194,0.234109,0.105446,-1977.2764,653.2252,0,1.2146
1986.554725,0.241048,0.109488,0.234941,0.105931,-1973.0819,656.4322,0,1.2169
1986.673635,0.234813,0.106249,0.234926,0.105969,-1973.2652,657.4360,0,1.2162
1986.761501,0.239325,0.102102,0.235454,0.105505,-1973.4843,654.9535,0,1.2160
1986.864423,0.239211,0.108772,0.235905,0.105897,-1975.7139,657.1803,0,1.2142
1986.947995,0.245928,0.107047,0.237108,0.106035,-1972.2986,657.4078,0,1.2176
1987.062011,0.235217,0.110135,0.236881,0.106527,-1971.2583,661.6526,0,1.2177
1987.148721,0.245042,0.108717,0.237860,0.106790,-1975.1598,666.1612,0,1.2143
1987.249705,0.241613,0.111671,0.238310,0.107376,-1975.0853,671.6356,0,1.2152
1987.355430,0.240435,0.107016,0.238565,0.107332,-1974.8851,671.6737,0,1.2153
1987.455393,0.239567,0.108912,0.238686,0.107522,-1977.3507,674.2761,0,1.2133
1987.555745,0.239074,0.102279,0.238732,0.106893,-1978.2561,670.5884,0,1.2130
1987.656153,0.237791,0.107398,0.238619,0.106953,-1973.6394,667.7827,0,1.2168
1987.753489,0.244293,0.104834,0.239300,0.106699,-1975.1035,666.2524,0,1.2144
1987.841579,0.244044,0.104011,0.239869,0.106377,-1978.2038,664.0603,0,1.2127
1987.954315,0.241539,0.104263,0.240070,0.106123,-1977.9948,661.1218,0,1.2134
1988.048014,0.248147,0.109851,0.241039,0.106570,-1976.2558,663.0084,0,1.2150
1988.137612,0.242092,0.101027,0.241165,0.105905,-1973.3956,657.7055,0,1.2166
1988.242021,0.245899,0.108818,0.241733,0.106255,-1974.1655,659.7654,0,1.2155
1988.367908,0.244456,0.108207,0.242060,0.106489,-1975.3382,662.8444,0,1.2146
1988.448816,0.237862,0.106837,0.241556,0.106531,-1973.5253,662.9376,0,1.2166
1988.554061,0.237650,0.108021,0.241088,0.106710,-1973.7277,664.6640,0,1.2159
1988.660908,0.236984,0.107264,0.240595,0.106776,-1971.5302,664.7813,0,1.2177
1988.764927,0.234261,0.105064,0.239835,0.106571,-1972.4202,664.1249,0,1.2164
1988.863182,0.239162,0.109384,0.239754,0.106908,-1970.0063,665.0996,0,1.2187
1988.956277,0.233503,0.108840,0.239004,0.107140,-1970.3727,667.6597,0,1.2179
1989.057703,0.236504,0.111476,0.238704,0.107660,-1971.5122,673.3460,0,1.2169
1989.173059,0.231852,0.110661,0.237882,0.108020,-1973.9262,678.0012,0,1.2155
1989.266308,0.226862,0.109921,0.236559,0.108248,-1970.1886,678.7125,0,1.2189
1989.360639,0.229770,0.110087,0.235745,0.108469,-1965.7709,679.5219,0,1.2214
1989.457646,0.232908,0.110416,0.235404,0.108703,-1967.7592,682.8058,0,1.2190
1989.575536,0.235919,0.112714,0.235466,0.109184,-1973.8891,689.6555,0,1.2153
1989.655058,0.235353,0.111417,0.235453,0.109452,-1971.6011,690.9346,0,1.2185
1989.765569,0.235410,0.112176,0.235448,0.109779,-1968.2289,693.3525,0,1.2198
1989.846045,0.235296,0.109839,0.235429,0.109786,-1969.2729,694.4349,0,1.2182
1989.955059,0.239319,0.110826,0.235896,0.109911,-1973.4982,697.0519,0,1.2155
1990.067315,0.245060,0.110885,0.236996,0.110028,-1974.6010,698.5292,0,1.2153
1990.162770,0.235032,0.109576,0.236760,0.109974,-1971.3279,697.1988,0,1.2183
1990.258073,0.244463,0.112451,0.237685,0.110271,-1967.4515,698.0017,0,1.2203
1990.370046,0.245110,0.114096,0.238576,0.110730,-1968.7434,703.1040,0,1.2187
1990.462729,0.238286,0.112547,0.238541,0.110948,-1975.7024,708.1699,0,1.2140
1990.564030,0.229761,0.112008,0.237487,0.111075,-1976.4707,709.7753,0,1.2142
1990.653809,0.234265,0.112634,0.237101,0.111262,-1972.9661,709.9512,0,1.2175
1990.763023,0.239897,0.108249,0.237436,0.110901,-1973.9044,708.4161,0,1.2154
1990.868445,0.241889,0.110999,0.237971,0.110913,-1975.5031,708.2775,0,1.2145
1990.957300,0.243437,0.112742,0.238626,0.111132,-1972.8385,708.5876,0,1.2172
1991.057507,0.254638,0.115265,0.240548,0.111628,-1974.9311,714.4219,0,1.2146
1991.169510,0.246159,0.112077,0.241221,0.111682,-1973.3138,714.6428,0,1.2167
1991.266986,0.246684,0.115393,0.241877,0.112127,-1970.2653,717.5617,0,1.2186
1991.365068,0.247539,0.113158,0.242556,0.112251,-1968.8413,718.7324,0,1.2192
1991.447178,0.246430,0.115943,0.243021,0.112694,-1969.8021,723.4293,0,1.2180
1991.575224,0.254899,0.115132,0.244446,0.112987,-1974.3146,728.4463,0,1.2151
1991.662307,0.246873,0.112677,0.244738,0.112949,-1967.0578,725.9345,0,1.2210
1991.767079,0.255220,0.114258,0.245995,0.113106,-1969.0834,727.9443,0,1.2179
1991.841689,0.259321,0.117991,0.247595,0.113693,-1964.3861,731.0065,0,1.2224
1991.970199,0.260151,0.118919,0.249101,0.114320,-1964.5760,737.9302,0,1.2216
1992.065042,0.263448,0.119229,0.250823,0.114909,-1960.6678,742.3023,0,1.2245
1992.163746,0.265461,0.118529,0.252580,0.115343,-1968.5584,750.4650,0,1.2181
1992.258548,0.263062,0.118205,0.253837,0.115687,-1967.0199,752.5333,0,1.2212
1992.372886,0.261204,0.114877,0.254721,0.115589,-1961.5993,750.4191,0,1.2240
1992.459815,0.263768,0.119230,0.255807,0.116026,-1963.2758,755.2218,0,1.2216
1992.563831,0.266058,0.115768,0.257037,0.115995,-1961.7269,754.4958,0,1.2238
1992.657543,0.271296,0.116335,0.258748,0.116036,-1963.3444,755.6575,0,1.2218
1992.761591,0.274865,0.118430,0.260682,0.116323,-1963.8993,758.3349,0,1.2219
1992.863224,0.272597,0.121140,0.262112,0.116901,-1963.5065,763.6892,0,1.2225
1992.958859,0.270376,0.119614,0.263104,0.117227,-1959.3911,765.5828,0,1.2255
1993.029450,0.277154,0.116195,0.264790,0.117103,-1959.3461,765.0950,0,1.2249
1993.148386,0.274623,0.115737,0.265970,0.116939,-1962.5813,764.9983,0,1.2222
1993.263805,0.269877,0.115139,0.266439,0.116723,-1958.9611,761.5697,0,1.2257
1993.359905,0.263715,0.118357,0.266112,0.116919,-1959.1629,762.3068,0,1.2250
1993.461828,0.268612,0.114797,0.266412,0.116665,-1962.8945,762.2667,0,1.2221
1993.572590,0.273690,0.122791,0.267285,0.117400,-1965.2917,769.5165,0,1.2209
1993.666273,0.275501,0.117194,0.268271,0.117375,-1963.8603,769.0897,0,1.2229
1993.754880,0.271672,0.119575,0.268679,0.117639,-1957.5525,769.2468,0,1.2267
1993.837409,0.277878,0.119860,0.269783,0.117906,-1957.3969,771.7640,0,1.2261
1993.968312,0.277089,0.116197,0.270660,0.117701,-1951.8019,769.2839,0,1.2300
1994.066190,0.279096,0.121089,0.271672,0.118107,-1951.4074,771.3184,0,1.2299
1994.160736,0.284563,0.122650,0.273219,0.118652,-1951.6920,776.9750,0,1.2296
1994.257045,0.283326,0.120344,0.274432,0.118855,-1949.8192,778.6609,0,1.2312
1994.373762,0.288876,0.127877,0.276165,0.119938,-1950.9259,790.1342,0,1.2298
1994.469514,0.288490,0.122485,0.277644,0.120244,-1952.4445,794.3669,0,1.2288
1994.550373,0.285642,0.126610,0.278604,0.121007,-1953.7441,802.4043,0,1.2281
1994.647475,0.286282,0.122436,0.279525,0.121179,-1954.7494,804.9585,0,1.2276
1994.763298,0.283007,0.122343,0.279943,0.121319,-1953.8009,805.7388,0,1.2288
1994.848698,0.281692,0.120297,0.280153,0.121196,-1953.7562,804.9933,0,1.2284
1994.961788,0.278510,0.121672,0.279956,0.121253,-1954.0325,805.4831,0,1.2281
1995.045852,0.273032,0.122648,0.279125,0.121421,-1952.6243,806.1463,0,1.2296
1995.171137,0.272982,0.127275,0.278388,0.122123,-1949.2940,811.6205,0,1.2316
1995.265551,0.266144,0.119669,0.276918,0.121829,-1952.6558,811.5467,0,1.2282
1995.358429,0.269832,0.124152,0.276068,0.122107,-1955.7421,814.7900,0,1.2267
1995.446040,0.269600,0.121255,0.275292,0.122005,-1958.1418,815.1395,0,1.2253
1995.549293,0.263354,0.123760,0.273859,0.122216,-1958.0618,816.8145,0,1.2257
1995.646254,0.260902,0.122259,0.272304,0.122221,-1959.4901,817.7459,0,1.2246
1995.735302,0.261860,0.122867,0.271051,0.122298,-1962.7986,819.8059,0,1.2223
1995.844114,0.267775,0.124157,0.270658,0.122521,-1959.2788,820.0412,0,1.2261
1995.958866,0.257683,0.123413,0.269101,0.122628,-1960.5414,822.3137,0,1.2238
1996.047256,0.261597,0.121867,0.268201,0.122537,-1962.2537,822.4734,0,1.2227
1996.145642,0.259047,0.120437,0.267102,0.122285,-1964.9242,821.6496,0,1.2211
1996.239784,0.261388,0.120388,0.266416,0.122057,-1962.5387,817.6811,0,1.2239
1996.370177,0.268445,0.122709,0.266660,0.122136,-1961.5625,817.6649,0,1.2237
1996.466954,0.282436,0.121520,0.268553,0.122062,-1963.1817,817.9177,0,1.2220
1996.563505,0.282083,0.123299,0.270176,0.122210,-1961.1519,817.9933,0,1.2243
1996.661702,0.286859,0.122643,0.272178,0.122262,-1955.7707,816.8345,0,1.2277
1996.762750,0.297558,0.126976,0.275224,0.122828,-1950.4480,819.1109,0,1.2309
1996.852592,0.317960,0.123493,0.280352,0.122908,-1953.2199,822.0614,0,1.2281
1996.964404,0.329852,0.122117,0.286292,0.122813,-1957.6119,823.3858,0,1.2253
1997.052499,0.344036,0.119964,0.293221,0.122471,-1963.2903,822.7135,0,1.2219
1997.172380,0.356574,0.118345,0.300824,0.121976,-1956.4651,814.3073,0,1.2279
1997.257673,0.351501,0.123088,0.306905,0.122109,-1956.4136,815.1245,0,1.2268
1997.363173,0.364018,0.122817,0.313759,0.122194,-1962.9757,818.2137,0,1.2219
1997.462875,0.359374,0.124196,0.319232,0.122434,-1961.0541,819.5167,0,1.2250
1997.573887,0.368852,0.123910,0.325187,0.122611,-1960.8944,821.9159,0,1.2240
1997.661015,0.363882,0.125054,0.329830,0.122905,-1955.1103,822.4802,0,1.2282
1997.761699,0.362274,0.126221,0.333723,0.123302,-1958.9077,828.8826,0,1.2239
1997.849926,0.355090,0.125387,0.336287,0.123553,-1956.6466,829.9193,0,1.2272
1997.965011,0.355672,0.124180,0.338614,0.123628,-1950.7887,828.7889,0,1.2308
1998.069590,0.353237,0.124163,0.340368,0.123692,-1948.9102,828.6172,0,1.2317
1998.157429,0.356789,0.128103,0.342339,0.124221,-1949.5001,833.5825,0,1.2310
1998.253823,0.355405,0.126592,0.343907,0.124506,-1949.7775,837.0516,0,1.2308
1998.374151,0.349119,0.130799,0.344532,0.125261,-1954.3423,847.0656,0,1.2274
1998.466988,0.342092,0.130425,0.344239,0.125881,-1957.0041,854.6615,0,1.2260
1998.563956,0.340562,0.130554,0.343798,0.126442,-1959.1610,861.5368,0,1.2248
1998.655538,0.335338,0.125748,0.342783,0.126358,-1957.3592,859.5923,0,1.2274
1998.767978,0.326309,0.129603,0.340806,0.126748,-1952.8813,861.6440,0,1.2295
1998.849957,0.324880,0.124036,0.338895,0.126422,-1953.1254,859.8610,0,1.2287
1998.962315,0.319307,0.133172,0.336544,0.127232,-1951.9830,866.0413,0,1.2297
1999.058112,0.321563,0.133003,0.334747,0.127925,-1949.7527,872.3724,0,1.2313
1999.170387,0.318942,0.129717,0.332850,0.128140,-1950.5988,875.7395,0,1.2302
1999.268810,0.314571,0.127571,0.330657,0.128071,-1951.0884,875.6748,0,1.2298
1999.356500,0.320386,0.126474,0.329424,0.127880,-1957.6609,876.6227,0,1.2253
1999.454390,0.318549,0.127501,0.328119,0.127834,-1955.1613,875.0711,0,1.2286
1999.569654,0.313319,0.123033,0.326343,0.127258,-1958.5737,871.3726,0,1.2249
1999.663123,0.309606,0.127224,0.324335,0.127254,-1950.9292,866.8518,0,1.2311
1999.752538,0.305035,0.129717,0.322019,0.127550,-1946.7334,867.5296,0,1.2332
1999.853164,0.306532,0.130922,0.320160,0.127954,-1947.6156,871.3975,0,1.2321
1999.948068,0.304238,0.141509,0.318250,0.129581,-1947.7071,888.6758,0,1.2322
2000.044941,0.293346,0.154416,0.315261,0.132561,-1947.0483,920.0244,0,1.2328
2000.147694,0.216769,0.188490,0.303442,0.139273,-1939.5496,987.8880,0,1.2380
2000.242358,0.064953,0.215290,0.274824,0.148395,-1930.0853,1082.1521,0,1.2440
2000.369211,-0.140307,0.215571,0.225008,0.156456,-1924.6144,1168.5826,0,1.2472
2000.470039,-0.285779,0.214736,0.163713,0.163449,-1284.6486,1277.9418,0,1.2170
2000.560580,-0.348897,0.204324,0.102200,0.168354,-631.0481,1355.4305,0,1.1989
2000.660060,-0.359354,0.200509,0.046814,0.172213,-146.0712,1388.4873,0,1.2103
2000.769869,-0.370330,0.194552,-0.003244,0.174894,-0.2206,1411.3384,0,1.2181
2000.847222,-0.371843,0.189424,-0.047476,0.176637,148.3023,1426.6846,0,1.2226
2000.946693,-0.332236,0.188012,-0.081647,0.178002,424.9696,1444.2500,0,1.2214
2001.059619,-0.266071,0.175505,-0.103778,0.177703,632.2540,1438.1578,0,1.2240
2001.172656,-0.197926,0.176055,-0.115075,0.177505,739.5847,1425.6312,0,1.2337
2001.261026,-0.118814,0.167100,-0.115524,0.176256,740.8958,1404.7677,0,1.2395
2001.361777,0.000480,0.154780,-0.101604,0.173679,601.1726,1357.6909,0,1.2545
2001.440187,0.130602,0.132343,-0.073739,0.168719,343.1411,1281.6336,0,1.2735
2001.567462,0.299588,0.122902,-0.028940,0.163221,34.6363,1245.2492,0,1.2474
2001.669573,0.414647,0.106507,0.024291,0.156415,-12.9265,1178.1846,0,1.2379
2001.747532,0.481941,0.079601,0.079209,0.147198,-389.4099,1054.8163,0,1.2629
2001.859948,0.551693,0.084234,0.135907,0.139642,-988.6902,1030.0306,0,1.1935
2001.958067,0.573416,0.089170,0.188408,0.133585,-1644.9544,985.4793,0,1.1663
2002.046241,0.590481,0.080350,0.236657,0.127197,-2086.9747,927.3918,0,1.1497
2002.144770,0.711081,0.090163,0.293588,0.122753,-2220.2767,932.9471,0,1.0808
2002.247126,0.803841,0.087132,0.354818,0.118478,-2400.8733,953.9174,0,0.9995
2002.371957,0.850601,0.086422,0.414312,0.114632,-2541.1513,959.0993,0,0.9443
2002.464028,0.895544,0.076487,0.472060,0.110054,-2608.2946,924.4757,0,0.9201
2002.555675,0.920045,0.095290,0.525818,0.108283,-2685.5268,926.3862,0,0.8936
2002.657858,0.921657,0.091731,0.573319,0.106296,-2721.9154,912.2166,0,0.8817
2002.749673,0.765010,0.079427,0.596322,0.103072,-2609.7974,820.0643,0,0.9341
2002.860869,0.595218,0.048341,0.596189,0.096504,-2357.2622,675.5160,0,1.0187
2002.962921,0.210680,0.051804,0.549928,0.091140,-2088.3494,544.5489,0,1.1497
2003.056828,-0.196420,0.066600,0.460366,0.088195,-2056.4220,507.3537,0,1.1672
2003.171834,-0.365403,0.062111,0.361274,0.085065,-2209.5016,514.8854,0,1.0812
2003.271740,-0.545384,0.064652,0.252475,0.082616,-2383.1358,526.0119,0,1.0065
2003.360709,-0.574118,0.046455,0.153284,0.078277,-1471.1104,501.2656,0,0.9637
2003.441466,-0.526310,0.055419,0.071733,0.075534,-428.3773,468.7176,0,0.9682
2003.551236,-0.472429,0.044636,0.006433,0.071826,-0.3820,414.5623,0,1.0008
2003.650302,-0.322071,0.029751,-0.032987,0.066777,64.5264,342.1790,0,1.0619
2003.762129,-0.075448,0.062829,-0.038083,0.066303,93.4418,317.3491,0,1.1285
2003.850441,0.206654,0.076076,-0.008714,0.067476,0.5279,322.7725,0,1.1446
2003.969464,0.461934,0.037024,0.047763,0.063822,-138.7468,291.1338,0,1.1462
2004.066167,0.541603,0.037418,0.107024,0.060653,-736.8525,274.5334,0,1.1020
2004.143733,0.502381,-0.001846,0.154467,0.053153,-1287.5815,209.4962,0,1.1117
2004.235990,0.437609,-0.018585,0.188444,0.044545,-1722.0560,141.3837,0,1.1145
2004.361429,0.339973,-0.016329,0.206628,0.037240,-1952.5016,88.6243,0,1.1233
2004.445113,0.241841,-0.015667,0.210853,0.030891,-1971.5930,48.1147,0,1.1454
2004.552458,0.121213,-0.039740,0.200096,0.022415,-1808.2105,7.0857,0,1.1590
2004.648825,0.018084,-0.042465,0.178255,0.014630,-1534.6502,0.1228,0,1.1552
2004.765960,-0.034921,-0.035552,0.152674,0.008608,-1228.2680,0.0030,0,1.1469
2004.867511,-0.074792,-0.026015,0.125378,0.004453,-912.6087,0.0001,0,1.1443
2004.962022,-0.057678,-0.034566,0.103411,-0.000229,-671.6311,0.0000,0,1.1474
2005.041018,-0.022865,-0.031001,0.088258,-0.003922,-517.6441,0.0000,0,1.1472
2005.155972,0.113087,-0.007375,0.091237,-0.004336,-541.6503,0.0000,0,1.1577
2005.257515,0.250046,0.000914,0.110294,-0.003706,-711.2024,0.0000,0,1.1590
2005.362227,0.371926,0.010227,0.141690,-0.002034,-1093.3013,0.0000,0,1.1493
2005.460795,0.454983,0.009360,0.179285,-0.000667,-1577.1921,0.0000,0,1.1313
2005.574840,0.523312,0.012139,0.220569,0.000870,-2141.1909,0.0000,0,1.1205
2005.665678,0.540444,0.015269,0.258954,0.002598,-2145.5003,0.0000,0,1.1186
2005.760503,0.538314,0.020688,0.292477,0.004769,-2142.2165,0.0000,0,1.1203
2005.850234,0.475170,0.041315,0.314400,0.009154,-2134.4044,0.0000,0,1.1245
2005.969915,0.390452,0.056013,0.323526,0.014777,-2088.7343,0.0000,0,1.1493
2006.063017,0.244896,0.052346,0.314091,0.019285,-2048.8986,0.0000,0,1.1738
2006.155489,0.110695,0.053675,0.289683,0.023412,-2024.1070,9.0145,0,1.1867
2006.260657,0.048844,0.052114,0.260782,0.026856,-2012.4861,24.1878,0,1.1929
2006.369868,0.026282,0.056683,0.232642,0.030436,-2007.2512,42.4213,0,1.1959
2006.450063,0.017965,0.056185,0.206881,0.033525,-1835.1092,59.5797,0,1.1984
2006.565697,0.043138,0.069699,0.187232,0.037866,-1592.9849,86.2198,0,1.1945
2006.657314,0.106981,0.086351,0.177602,0.043684,-1470.3394,124.1494,0,1.1980
2006.775044,0.236233,0.084101,0.184638,0.048534,-1550.5724,158.1943,0,1.2013
2006.855954,0.363111,0.083160,0.206054,0.052689,-1855.8197,192.8281,0,1.1759
2006.957932,0.475192,0.084820,0.238351,0.056545,-2079.7139,227.4921,0,1.1536
2007.049964,0.547230,0.083920,0.275416,0.059830,-2092.7291,256.0296,0,1.1468
2007.172710,0.603456,0.083846,0.314781,0.062712,-2112.8720,283.2113,0,1.1358
2007.268217,0.621262,0.086173,0.351559,0.065527,-2123.3719,309.1864,0,1.1302
2007.364615,0.619452,0.080767,0.383706,0.067356,-2124.6829,325.7715,0,1.1296
2007.459606,0.635046,0.087641,0.413867,0.069790,-2140.8927,350.2783,0,1.1208
2007.570451,0.627637,0.089697,0.439519,0.072179,-2152.5311,374.3884,0,1.1148
2007.666985,0.552445,0.085628,0.453070,0.073793,-2138.2103,386.7775,0,1.1231
2007.760225,0.485508,0.099287,0.456963,0.076852,-2118.6068,411.4345,0,1.1339
2007.856746,0.382288,0.100488,0.448002,0.079688,-2077.1960,430.0774,0,1.1560
2007.963300,0.259332,0.113469,0.425361,0.083742,-2023.6344,456.3534,0,1.1865
2008.058037,0.107123,0.116885,0.387173,0.087719,-1997.8385,487.4586,0,1.2016
2008.163710,-0.022720,0.126540,0.337986,0.092378,-2016.7874,536.8822,0,1.1895
2008.249049,-0.092081,0.124488,0.286378,0.096231,-2027.1258,577.9694,0,1.1823
2008.374811,-0.114567,0.135296,0.238264,0.100919,-2040.6578,628.4187,0,1.1754
2008.459841,-0.116287,0.142852,0.195718,0.105951,-1715.4009,674.9676,0,1.1835
2008.565532,-0.093248,0.145619,0.161042,0.110711,-1289.7221,724.6706,0,1.1826
2008.656964,-0.042824,0.145166,0.136578,0.114846,-1000.0633,762.8799,0,1.1905
2008.774361,0.017511,0.162961,0.122290,0.120619,-833.6498,814.1160,0,1.2046
2008.846635,0.096597,0.162978,0.119207,0.125702,-794.9123,861.2932,0,1.2138
2008.947156,0.228953,0.163421,0.132377,0.130229,-935.0679,911.7965,0,1.2111
2009.056989,0.373627,0.153774,0.161327,0.133054,-1271.8771,951.1588,0,1.1999
2009.173634,0.445299,0.153926,0.195403,0.135559,-1698.5360,986.2385,0,1.1907
2009.264320,0.514392,0.156267,0.233682,0.138044,-2061.5355,1037.1762,0,1.1638
2009.359710,0.605668,0.152813,0.278320,0.139816,-2107.7637,1081.0017,0,1.1386
2009.468646,0.635921,0.146747,0.321232,0.140648,-2115.8999,1095.2483,0,1.1343
2009.582305,0.671606,0.155678,0.363277,0.142451,-2145.5158,1131.9813,0,1.1185
2009.666203,0.670806,0.148960,0.400181,0.143233,-2158.3299,1148.3457,0,1.1119
2009.756807,0.652274,0.130195,0.430432,0.141668,-2164.7814,1133.8160,0,1.1086
2009.861330,0.602808,0.127618,0.451117,0.139982,-2161.1719,1115.3695,0,1.1106
2009.962890,0.446170,0.137143,0.450523,0.139641,-2114.2634,1081.9517,0,1.1372
2010.059724,0.250999,0.127574,0.426580,0.138193,-2014.5315,1015.8485,0,1.1921
2010.163067,0.118710,0.128697,0.389636,0.137054,-1972.3409,981.9991,0,1.2171
2010.259329,-0.012552,0.123955,0.341373,0.135482,-1962.4459,960.1147,0,1.2231
2010.367832,-0.134047,0.117882,0.284323,0.133370,-1982.2738,947.2155,0,1.2102
2010.468326,-0.217626,0.123173,0.224089,0.132146,-2035.0005,958.3570,0,1.1783
2010.562711,-0.312894,0.134515,0.159651,0.132431,-1298.8945,973.5138,0,1.1597
2010.659396,-0.387350,0.143120,0.094011,0.133713,-578.8848,1007.7300,0,1.1403
2010.753796,-0.475760,0.118570,0.025639,0.131896,-21.9179,1033.8935,0,1.0890
2010.854854,-0.484010,0.113292,-0.035519,0.129664,79.6069,1014.4039,0,1.0845
2010.960741,-0.459497,0.099345,-0.086397,0.126025,528.1818,971.8802,0,1.0824
2011.051112,-0.347050,0.092505,-0.117675,0.122003,845.9201,895.4861,0,1.1169
2011.142295,-0.169152,0.095154,-0.123852,0.118781,882.3288,826.5230,0,1.1602
2011.259368,0.072556,0.096997,-0.100283,0.116167,612.2840,770.3444,0,1.2019
2011.361475,0.263018,0.093329,-0.056687,0.113426,221.8303,741.6482,0,1.2021
2011.457111,0.366692,0.076977,-0.005882,0.109052,0.7485,712.6931,0,1.1755
2011.551491,0.411608,0.086894,0.044217,0.106394,-133.1048,697.3669,0,1.1547
2011.662243,0.406017,0.071285,0.087633,0.102180,-503.5205,649.4629,0,1.1625
2011.762720,0.393532,0.080172,0.124341,0.099539,-890.9967,626.2006,0,1.1552
2011.857246,0.366397,0.083159,0.153388,0.097574,-1225.0716,605.4873,0,1.1565
2011.945718,0.342808,0.090113,0.176118,0.096678,-1503.3943,596.2796,0,1.1565
2012.066893,0.304898,0.096394,0.191572,0.096644,-1696.2567,594.4605,0,1.1590
2012.151697,0.262236,0.096863,0.200052,0.096670,-1790.2725,589.7219,0,1.1692
2012.253618,0.196885,0.098593,0.199671,0.096901,-1768.5956,586.2877,0,1.1806
2012.355069,0.146176,0.094100,0.193252,0.096565,-1690.3891,583.8302,0,1.1788
2012.468259,0.106807,0.092965,0.182879,0.096133,-1541.3642,572.6317,0,1.1939
2012.555684,0.067585,0.093877,0.169043,0.095862,-1374.9892,570.5304,0,1.1919
2012.643745,0.033471,0.084313,0.152775,0.094476,-1192.6217,561.9885,0,1.1823
2012.754158,-0.074202,0.073626,0.125537,0.091974,-900.0043,546.7354,0,1.1626
2012.870551,-0.102721,0.077445,0.098146,0.090231,-611.0620,531.2228,0,1.1588
2012.954610,-0.086285,0.073345,0.076015,0.088204,-393.5768,507.7919,0,1.1676
2013.058049,-0.067419,0.073299,0.058803,0.086416,-239.1776,480.2505,0,1.1923
2013.144137,-0.066046,0.068632,0.043821,0.084282,-125.3203,454.1163,0,1.2086
2013.249247,-0.047449,0.071941,0.032868,0.082801,-55.7401,435.4496,0,1.2223
2013.351462,-0.025493,0.081413,0.025865,0.082634,-19.9816,429.6343,0,1.2339
2013.456038,-0.019221,0.081205,0.020455,0.082463,-0.8573,424.9436,0,1.2431
2013.543199,-0.003898,0.084178,0.017532,0.082669,-0.0122,424.9060,0,1.2480
2013.664269,0.038986,0.092537,0.020107,0.083853,-0.1040,429.3262,0,1.2636
2013.760037,0.088662,0.085184,0.028333,0.084013,-26.0571,428.1474,0,1.2739
2013.859766,0.120609,0.086729,0.039406,0.084339,-89.1553,429.2079,0,1.2770
2013.945780,0.137471,0.082314,0.051174,0.084096,-166.9483,428.4753,0,1.2753
2014.047935,0.135447,0.076215,0.061287,0.083150,-241.6889,421.4735,0,1.2734
2014.150781,0.138883,0.077689,0.070598,0.082495,-315.0023,415.3720,0,1.2738
2014.256877,0.147486,0.076540,0.079825,0.081780,-392.7141,410.0472,0,1.2709
2014.340293,0.149599,0.075986,0.088198,0.081085,-466.3078,404.6765,0,1.2692
2014.467084,0.147541,0.074712,0.095319,0.080320,-531.5587,398.5149,0,1.2675
2014.557984,0.146739,0.073015,0.101489,0.079443,-588.7275,391.1314,0,1.2677
